step,assistant_loss_nats,assistant_target_tokens,lr_multiplier,optimizer_update_applied,elapsed_seconds
1,6.89153183481286,2605,0.05,True,9.753986106952652
2,6.812372068466446,2645,0.1,True,9.777378272032365
3,6.751216674711004,2606,0.15,True,9.820518177002668
4,6.425215361134106,2567,0.2,True,9.864012161036953
5,6.976479553962672,1897,0.25,True,9.907609744928777
6,6.928351122866697,2710,0.3,True,9.951139522017911
7,6.145527515267202,2249,0.35,True,9.994726391043514
8,6.561652519214838,2716,0.4,True,10.038294127909467
9,6.534886812752863,2379,0.45,True,10.081771445926279
10,6.971969477123331,2396,0.5,True,10.125249664997682
11,6.397095724165351,2692,0.55,True,10.168845874955878
12,5.896174848150109,2539,0.6,True,10.21235518483445
13,6.30262591864626,2681,0.65,True,10.255831961985677
14,6.0374658960495555,2192,0.7,True,10.304316317895427
15,5.455103607691498,2079,0.75,True,10.360476695932448
16,5.839466031112335,2270,0.8,True,10.41234101401642
17,5.701681261607947,2221,0.85,True,10.462108589010313
18,6.019508226062055,2810,0.9,True,10.511421066941693
19,5.387899430071721,2562,0.95,True,10.561137203825638
20,5.5882563059650865,2764,1.0,True,10.592311452841386
21,5.308638626631129,1662,1.0,True,10.635646204929799
22,5.8751695248695555,2755,1.0,True,10.67908624582924
23,6.3261676497431045,1849,1.0,True,10.722488438943401
24,6.029415208466199,2744,1.0,True,10.765920809004456
25,5.919988895919162,2488,1.0,True,10.809529799036682
26,5.5691782674781685,2462,1.0,True,10.853024754906073
27,4.777502245620221,2681,1.0,True,10.896391507936642
28,5.441697001873544,2577,1.0,True,10.939936338923872
29,5.60514742371824,2755,1.0,True,10.983356247888878
30,5.292098320855034,2880,1.0,True,11.026796709978953
31,5.266429486818387,2219,1.0,True,11.070240151835606
32,5.666041490819985,2388,1.0,True,11.113718600012362
33,5.156734492691329,2481,1.0,True,11.157143358839676
34,4.8624187771567104,2172,1.0,True,11.200499905040488
35,5.481586657072368,2736,1.0,True,11.243885014904663
36,5.340409896698505,2709,1.0,True,11.292145761894062
37,5.71154224292652,1850,1.0,True,11.344081467017531
38,5.26639429437214,2622,1.0,True,11.393798138946295
39,4.9353736888611826,2049,1.0,True,11.443086029030383
40,4.56976195349716,2729,1.0,True,11.492862107930705
41,5.379163091305335,2547,1.0,True,11.542151605011895
42,5.192802653667355,3025,1.0,True,11.579476682003587
43,4.690414333044548,1276,1.0,True,11.622887708013877
44,4.881386301165135,2666,1.0,True,11.666280075907707
45,4.822580608439069,2788,1.0,True,11.709647455951199
46,5.356369010346625,1859,1.0,True,11.75304976804182
47,5.357930413710861,2555,1.0,True,11.796534560853615
48,4.544799056599788,2774,1.0,True,11.83997587300837
49,4.816837550005798,2695,1.0,True,11.883335273014382
50,4.959982045906403,2452,1.0,True,11.9267294309102
51,5.120639187086771,2212,1.0,True,11.970149481901899
52,4.803101265868687,2693,1.0,True,12.013488028896973
53,4.928048605997055,2440,1.0,True,12.056893788045272
54,4.641177051222212,2879,1.0,True,12.100256177829579
55,4.7340291737118045,2569,1.0,True,12.143588800914586
56,5.066503439441922,2615,1.0,True,12.187040052842349
57,4.791278183540891,2956,1.0,True,12.23040425288491
58,5.128762050749731,1859,1.0,True,12.27871194994077
59,4.4915573018165365,1796,1.0,True,12.330718118930236
60,4.9616896789197975,2422,1.0,True,12.380465870955959
61,5.183275643693845,3172,1.0,True,12.429666359908879
62,4.900658089992634,1994,1.0,True,12.47953810193576
63,4.769192175782687,2717,1.0,True,12.533025818876922
64,4.264229597970095,2788,1.0,True,12.567421400919557
65,4.941949861935745,2279,1.0,True,12.610910278977826
66,4.905070545333941,2332,1.0,True,12.654346658848226
67,4.662985977831553,2247,1.0,True,12.697913527023047
68,4.757974152348137,1781,1.0,True,12.741354750934988
69,5.004288427462605,2156,1.0,True,12.784719116985798
70,4.73931135401607,2248,1.0,True,12.82807408994995
71,4.43122066708166,2303,1.0,True,12.871516200015321
72,5.141230424722923,2329,1.0,True,12.914988711941987
73,4.754338848204644,2315,1.0,True,12.958374144043773
74,3.9025811222514415,2038,1.0,True,13.001893494976684
75,4.678882311717855,2617,1.0,True,13.045274395029992
76,4.621442915083052,1998,1.0,True,13.08873763284646
77,4.08598340712807,3034,1.0,True,13.132070499937981
78,4.7394832224201915,1903,1.0,True,13.175557576818392
79,4.577657865577535,2436,1.0,True,13.218981552869081
80,4.3597992610236735,2883,1.0,True,13.267758724978194
81,4.776950523501537,3416,1.0,True,13.318983621895313
82,4.985684449442416,1729,1.0,True,13.368835116969422
83,4.575330447756373,2177,1.0,True,13.422413454856724
84,5.206652449737614,1852,1.0,True,13.478584110038355
85,3.9819007264064754,2078,1.0,True,13.530690715881065
86,4.930296774697739,3174,1.0,True,13.555422159843147
87,4.462305820504239,2241,1.0,True,13.59868247085251
88,4.699669072335988,2637,1.0,True,13.64218673389405
89,4.450810850932921,2730,1.0,True,13.685724160866812
90,4.611130233053033,2423,1.0,True,13.729342818958685
91,4.390921021797106,2367,1.0,True,13.772825785912573
92,4.48680014622806,1524,1.0,True,13.816302992869169
93,4.264561722918255,2624,1.0,True,13.859730780823156
94,4.3747791030684295,2983,1.0,True,13.903258689912036
95,4.639958951633108,2744,1.0,True,13.94685476901941
96,4.206252204844779,3189,1.0,True,13.990293460898101
97,4.801945934822279,3151,1.0,True,14.033714826917276
98,4.607257317492023,2468,1.0,True,14.077225874876603
99,4.684394678224289,2990,1.0,True,14.120705798035488
100,4.18263919828517,2113,1.0,True,14.16413444885984
101,4.456651110278823,2524,1.0,True,14.207673924043775
102,4.5158485019329895,2425,1.0,True,14.25603554584086
103,5.031986956994969,2584,1.0,True,14.308024580823258
104,4.538132993540032,2039,1.0,True,14.359958091983572
105,4.474707502505254,3212,1.0,True,14.411116695962846
106,4.575124422709147,2304,1.0,True,14.46307050390169
107,4.5269203014047,2218,1.0,True,14.512905078940094
108,3.883113149958853,2886,1.0,True,14.544226352823898
109,4.55111587085663,2191,1.0,True,14.58745691482909
110,4.558186622114547,2870,1.0,True,14.630922500044107
111,4.783490741647581,3111,1.0,True,14.67462222604081
112,4.634547515702983,2204,1.0,True,14.71810739603825
113,4.748785289600737,2424,1.0,True,14.76165833696723
114,4.272065910239591,2906,1.0,True,14.805219251895323
115,4.300213162110087,2741,1.0,True,14.84871762804687
116,3.944934283583094,2786,1.0,True,14.892267880029976
117,4.666845531931729,2567,1.0,True,14.935800263890997
118,5.056879434493745,2908,1.0,True,14.979230466997251
119,4.657854060020294,2741,1.0,True,15.022751876851544
120,4.224211410660582,2099,1.0,True,15.06614933302626
121,4.6186026237871,3285,1.0,True,15.109632777050138
122,4.395477033852994,2221,1.0,True,15.153107112040743
123,4.68218855773772,1985,1.0,True,15.196621233830228
124,4.084306077139229,2227,1.0,True,15.244886939879507
125,4.756735441667682,3078,1.0,True,15.296919307904318
126,4.239287106055617,2942,1.0,True,15.3467626220081
127,4.079409794323234,2137,1.0,True,15.400663250824437
128,4.035775777579593,2501,1.0,True,15.452519363025203
129,4.30177735050666,2168,1.0,True,15.502284209942445
130,4.420275138301469,2357,1.0,True,15.532747676828876
131,5.045203093056367,2140,1.0,True,15.576118365861475
132,4.414471847283511,2861,1.0,True,15.619629421038553
133,4.96512141190176,2032,1.0,True,15.663132956018671
134,4.577343144692665,2662,1.0,True,15.706651012878865
135,4.716540306974141,3379,1.0,True,15.750215132022277
136,4.18799863350265,2830,1.0,True,15.793846346903592
137,4.454302694029727,2360,1.0,True,15.837436693022028
138,4.851190030253108,2594,1.0,True,15.881068632006645
139,3.9886568705240886,2400,1.0,True,15.924653546884656
140,4.771285803446175,1693,1.0,True,15.968532379949465
141,4.062033523151811,2133,1.0,True,16.01252152584493
142,3.9651993636246567,1820,1.0,True,16.0560782358516
143,4.563249132669032,2396,1.0,True,16.099786815000698
144,4.743099978426543,3223,1.0,True,16.143873097840697
145,4.253603541450227,2647,1.0,True,16.187441761838272
146,4.169224666793466,2177,1.0,True,16.235908943926916
147,4.897453489888877,2770,1.0,True,16.28575353999622
148,4.240755743826403,3313,1.0,True,16.337783319875598
149,4.680223339917342,2654,1.0,True,16.391306251985952
150,4.472908020019531,2688,1.0,True,16.441110248910263
151,4.5257608060171295,3167,1.0,True,16.493168059038
152,4.6283092477780965,2725,1.0,True,16.524961846880615
153,4.6535979655958855,3220,1.0,True,16.56850974704139
154,4.522461413510751,2308,1.0,True,16.61239941394888
155,4.50509753762619,3046,1.0,True,16.656455148011446
156,4.834490108103887,1976,1.0,True,16.699799130903557
157,4.525028316566097,2346,1.0,True,16.743213045876473
158,4.4047052565692475,2501,1.0,True,16.7865420258604
159,4.271684608414541,1698,1.0,True,16.829946405021474
160,4.937071711560128,2108,1.0,True,16.873345874017105
161,3.9904805878062306,2592,1.0,True,16.91663157590665
162,4.267149021646389,2399,1.0,True,16.959914987906814
163,4.284345485799533,2786,1.0,True,17.003206678899005
164,4.394530819606655,2269,1.0,True,17.046559626003727
165,4.524463408970276,2355,1.0,True,17.089892444899306
166,4.6512130893128925,2546,1.0,True,17.133271528873593
167,4.555925811435675,3494,1.0,True,17.17675636592321
168,4.119150760481155,2746,1.0,True,17.22543340991251
169,4.2238323700811335,2519,1.0,True,17.276639295974746
170,4.507702388634217,1919,1.0,True,17.326379807898775
171,3.914967462744175,2854,1.0,True,17.37978894589469
172,4.490248741184233,2889,1.0,True,17.43173275794834
173,4.037649156256527,2394,1.0,True,17.481582032050937
174,4.617331294690148,2124,1.0,True,17.512557051843032
175,4.792930256236684,2816,1.0,True,17.55573966400698
176,4.533542919158935,2560,1.0,True,17.599212583852932
177,4.440333854992512,2838,1.0,True,17.642655465984717
178,4.327960940173073,2192,1.0,True,17.68612125585787
179,4.600393034630898,1844,1.0,True,17.729504982940853
180,4.129442116409812,2632,1.0,True,17.77289722999558
181,4.512680355635227,2628,1.0,True,17.816259389044717
182,4.701910518143338,1555,1.0,True,17.859620613977313
183,4.662541645864817,3474,1.0,True,17.902984575834125
184,4.202527615418889,2297,1.0,True,17.946364329895005
185,4.045992794880154,2013,1.0,True,17.989634010009468
186,3.869822254957485,3021,1.0,True,18.033151228912175
187,4.203731842612505,2670,1.0,True,18.07662792992778
188,3.9261221583028183,2253,1.0,True,18.11996952397749
189,4.362853633996212,1980,1.0,True,18.163333300035447
190,4.825009424412019,2676,1.0,True,18.21173873799853
191,4.234403036670037,2534,1.0,True,18.26157416496426
192,4.03304906890974,2328,1.0,True,18.31361459288746
193,4.422519741263441,2790,1.0,True,18.36707516084425
194,4.334448486147414,2702,1.0,True,18.416915515903383
195,3.662759206916683,2489,1.0,True,18.46894143987447
196,3.9438488842092476,2187,1.0,True,18.49976583197713
197,4.782119092114062,2617,1.0,True,18.543102259049192
198,4.223522856035306,2358,1.0,True,18.58659978490323
199,4.556936871200512,2488,1.0,True,18.630001110956073
200,4.739530271010253,2414,1.0,True,18.673261425923556
201,4.461555740876284,1996,1.0,True,18.716639577876776
202,4.589718896231855,2127,1.0,True,18.759993793908507
203,3.894758140569654,2682,1.0,True,18.803292128024623
204,4.26574041425911,2861,1.0,True,18.846746381837875
205,3.9284996460168187,2356,1.0,True,18.890132291940972
206,4.284576718836136,2721,1.0,True,18.933586726896465
207,3.8234167820903884,2008,1.0,True,18.97692556702532
208,4.304328787043996,3077,1.0,True,19.020383956842124
209,3.897057752684177,1782,1.0,True,19.063803202006966
210,4.4905211279369714,2011,1.0,True,19.10720113501884
211,4.334842533610313,2830,1.0,True,19.150577684864402
212,4.3721500029199545,2408,1.0,True,19.199448759900406
213,3.5385456180756263,2595,1.0,True,19.249278340954334
214,3.9593730978683173,2413,1.0,True,19.301326078828424
215,4.262635322621929,2686,1.0,True,19.35488766198978
216,4.396158000642901,2479,1.0,True,19.40472096693702
217,4.346170250044498,2458,1.0,True,19.456714815925807
218,3.6565361804940832,2683,1.0,True,19.487205494893715
219,3.822340996196456,2282,1.0,True,19.530601548962295
220,4.272327291104896,2341,1.0,True,19.57398727000691
221,3.711722565593787,2553,1.0,True,19.61729040904902
222,4.270701384591584,2525,1.0,True,19.660752904834226
223,4.416180650894411,2299,1.0,True,19.704086598940194
224,3.9142573595199535,3126,1.0,True,19.747480747988448
225,4.7380200146189635,2485,1.0,True,19.79086977499537
226,4.27251739561862,2547,1.0,True,19.834289179882035
227,4.1500738367461,2628,1.0,True,19.87763463985175
228,4.655330095633093,2510,1.0,True,19.92096827691421
229,4.231535036665122,1719,1.0,True,19.964370258850977
230,4.213037892030585,3057,1.0,True,20.007839223835617
231,3.987697204613978,2529,1.0,True,20.051275599980727
232,4.690484235828049,2070,1.0,True,20.09471845603548
233,3.623242020708796,2342,1.0,True,20.138128189835697
234,3.305068393821649,2835,1.0,True,20.18664735998027
235,3.9095152687997246,2451,1.0,True,20.23646563082002
236,4.3558750639480435,2703,1.0,True,20.2884715879336
237,3.959638197497906,2985,1.0,True,20.335696294903755
238,3.680633694079148,2046,1.0,True,20.38773142383434
239,4.5376408662489425,2955,1.0,True,20.44122002995573
240,4.75666602227205,3526,1.0,True,20.475786295020953
241,3.777729084398028,1832,1.0,True,20.51915197703056
242,3.9412958737255703,2213,1.0,True,20.562496502883732
243,4.025711542208409,2055,1.0,True,20.60584045597352
244,4.445262484515531,3002,1.0,True,20.649259947007522
245,4.20633104238093,2698,1.0,True,20.692642794921994
246,4.2342304505390445,2145,1.0,True,20.735980558907613
247,3.999607505196087,2977,1.0,True,20.77961135096848
248,3.842305038914536,2112,1.0,True,20.82315677497536
249,4.165991157358723,2734,1.0,True,20.866656312020496
250,4.514890739904367,1959,1.0,True,20.91006893082522
251,3.8295224035340785,2773,1.0,True,21.283059800975025
252,4.568216249924298,2580,1.0,True,21.326588582945988
253,4.852834993806742,2258,1.0,True,21.370057101827115
254,4.335076125510015,2359,1.0,True,21.413345157867298
255,4.565385482355736,2894,1.0,True,21.456663656048477
256,4.574860910347758,2978,1.0,True,21.50003221188672
257,3.8685208775847686,3222,1.0,True,21.54344263393432
258,4.040567210291338,2001,1.0,True,21.586769295856357
259,4.0405707878547235,2002,1.0,True,21.630399752873927
260,4.578489278425956,1895,1.0,True,21.674247352872044
261,4.189360161369221,2747,1.0,True,21.71757745090872
262,4.451812420775559,3020,1.0,True,21.76111203082837
263,4.534195038542927,2481,1.0,True,21.804459943901747
264,4.27182046748263,1988,1.0,True,21.848104767035693
265,3.9957916455589326,2961,1.0,True,21.891482790000737
266,4.1280042669746315,2136,1.0,True,21.934954948024824
267,4.498071830046015,2798,1.0,True,21.983424033038318
268,4.234373217451208,3561,1.0,True,22.03320202487521
269,4.1379854312728,2193,1.0,True,22.085196909029037
270,4.4612772065090995,2768,1.0,True,22.13873077603057
271,4.242982045039978,2861,1.0,True,22.189018118893728
272,4.157533701485987,2083,1.0,True,22.240897446870804
273,4.751945833189297,2712,1.0,True,22.271324394037947
274,4.896564027583799,2685,1.0,True,22.314630958950147
275,4.579437741076099,2390,1.0,True,22.357998289866373
276,4.143471535891485,2343,1.0,True,22.401302044978365
277,3.655223081922482,2909,1.0,True,22.444779915036634
278,3.6467286213135823,2310,1.0,True,22.48815754498355
279,4.73486059401116,2453,1.0,True,22.531602625036612
280,3.6087880473107887,1972,1.0,True,22.5749295798596
281,3.613172161768353,2205,1.0,True,22.618318734923378
282,4.501900822352858,2642,1.0,True,22.661549360025674
283,4.364635724477817,1930,1.0,True,22.704748671967536
284,3.8275547182065863,2099,1.0,True,22.74817072204314
285,3.9622248169110197,2221,1.0,True,22.7917608988937
286,3.7860834368429614,2497,1.0,True,22.83524715504609
287,4.239769459536141,2492,1.0,True,22.878695057937875
288,3.7163271932206916,2028,1.0,True,22.922056674025953
289,3.756735764125367,2386,1.0,True,22.97057219990529
290,4.094075288420612,2276,1.0,True,23.020390038844198
291,3.7957959661871286,2018,1.0,True,23.07238053996116
292,3.8727943431451246,2764,1.0,True,23.11964784283191
293,5.212157741611531,2116,1.0,True,23.171837850939482
294,4.12722762230201,2276,1.0,True,23.228173540905118
295,4.060775984785254,2209,1.0,True,23.258548859972507
296,3.9771722100801776,3235,1.0,True,23.30197833199054
297,4.047767093638682,1930,1.0,True,23.345349634997547
298,3.7366594412142677,1994,1.0,True,23.388659471878782
299,3.6659270425380868,2322,1.0,True,23.432026631897315
300,4.689951429618769,3069,1.0,True,23.475411992985755
301,4.006189883141821,2313,1.0,True,23.518801962956786
302,5.59689309750968,2292,1.0,True,23.562102264957502
303,4.7038681202828405,2476,1.0,True,23.605536760995165
304,3.8148580495251654,2491,1.0,True,23.648958489997312
305,4.316379557813126,2497,1.0,True,23.69238903489895
306,3.6383808432651707,2546,1.0,True,23.735771673033014
307,4.362002567682016,2177,1.0,True,23.779063494876027
308,4.141229662010808,3111,1.0,True,23.822506992844865
309,4.304821186352254,2995,1.0,True,23.865935971960425
310,4.07909414556962,2370,1.0,True,23.909372668946162
311,4.497719268281191,2653,1.0,True,23.957773227011785
312,4.511792077905562,3133,1.0,True,24.00761703797616
313,4.458512091315526,2747,1.0,True,24.059643514920026
314,4.134993155797322,3072,1.0,True,24.10678514186293
315,3.9027317049617305,3054,1.0,True,24.156714009819552
316,4.437687223708702,2149,1.0,True,24.20607503084466
317,4.123083787729309,2930,1.0,True,24.24697582004592
318,4.321855614282814,2617,1.0,True,24.29062494286336
319,3.431986939218631,2632,1.0,True,24.334135688841343
320,3.9433445678049446,2399,1.0,True,24.37759162602015
321,4.240307804627519,2605,1.0,True,24.421125140041113
322,4.595772518540876,2899,1.0,True,24.464659455930814
323,4.2747371789180875,2640,1.0,True,24.50821693893522
324,4.317642300384307,3277,1.0,True,24.551702152006328
325,3.5141876835151007,1490,1.0,True,24.595210268860683
326,4.56057549410839,2363,1.0,True,24.638818214880303
327,4.217973267904804,3091,1.0,True,24.68237376702018
328,4.166141762689432,2491,1.0,True,24.725983747979626
329,3.601127902332808,2856,1.0,True,24.769511851947755
330,4.665110140540923,3531,1.0,True,24.81294077099301
331,4.541391567032807,3111,1.0,True,24.856468540849164
332,4.189982938405722,2247,1.0,True,24.89998542587273
333,4.158122377467653,2251,1.0,True,24.951034487923607
334,4.79797119140625,2600,1.0,True,25.00456302589737
335,3.735260154821755,2735,1.0,True,25.05436455900781
336,4.044231193296371,2480,1.0,True,25.106411882909015
337,4.0224507578751965,2866,1.0,True,25.16004214202985
338,3.8073392073544086,2756,1.0,True,25.20976585103199
339,4.485281757798433,2777,1.0,True,25.2361049100291
340,4.495707935905724,2852,1.0,True,25.27930412092246
341,4.814005463088768,1725,1.0,True,25.322765341959894
342,3.3486337830626582,2767,1.0,True,25.366440512938425
343,4.17732021500358,1833,1.0,True,25.409815390827134
344,3.7239823382573154,2546,1.0,True,25.453244084026664
345,4.083821885061799,2407,1.0,True,25.496621242025867
346,3.831615377660357,2549,1.0,True,25.540058017941192
347,4.600497166556298,2973,1.0,True,25.583446230040863
348,4.077917683998158,2579,1.0,True,25.626883962890133
349,3.624306120994118,2274,1.0,True,25.670306009007618
350,3.9059609682276304,2034,1.0,True,25.71380296489224
351,3.875057660552487,2297,1.0,True,25.757241010898724
352,3.5695797594035574,3064,1.0,True,25.80108732986264
353,4.297086757392784,2699,1.0,True,25.844992154976353
354,4.515700334232535,2369,1.0,True,25.888464310904965
355,4.64606552734375,2500,1.0,True,25.936761850956827
356,3.937987408626638,2518,1.0,True,25.986560991965234
357,4.481971649484536,2425,1.0,True,26.038652424002066
358,4.208487295200368,3191,1.0,True,26.092122722882777
359,4.152453295998632,2193,1.0,True,26.141998796956614
360,3.7969323442036695,2497,1.0,True,26.19401382189244
361,3.920522944718462,2604,1.0,True,26.225378339877352
362,3.917462667725211,2839,1.0,True,26.26871778490022
363,4.3711269632735,2117,1.0,True,26.31206129002385
364,4.1746799399571275,2143,1.0,True,26.355533768888563
365,4.6710568904029754,2815,1.0,True,26.399006232852116
366,3.8237355442233243,2357,1.0,True,26.44250490097329
367,4.229526560340015,2351,1.0,True,26.48599675996229
368,3.691034731657609,2507,1.0,True,26.529506989987567
369,4.509770727617564,2799,1.0,True,26.573024393990636
370,3.809841768595454,2659,1.0,True,26.616528320824727
371,4.405239299192267,1888,1.0,True,26.65999461291358
372,3.7908434233207293,2810,1.0,True,26.70346838189289
373,4.10613513560022,2270,1.0,True,26.7469940779265
374,3.9590977290414924,2871,1.0,True,26.790482804877684
375,4.4460971848967095,2971,1.0,True,26.834039787994698
376,3.815951023923868,2297,1.0,True,26.87771569704637
377,4.185460258152174,2300,1.0,True,26.92614983092062
378,4.146719682999649,2847,1.0,True,26.97605318785645
379,3.981358813169415,2941,1.0,True,27.028077797964215
380,4.505795475226961,2919,1.0,True,27.081573898904026
381,4.7525498236968,3031,1.0,True,27.131447481922805
382,4.681748050547668,2659,1.0,True,27.18392017087899
383,3.98002206838013,2729,1.0,True,27.214264892041683
384,4.0381506048534135,2571,1.0,True,27.257698897039518
385,4.231237262228261,2300,1.0,True,27.301139463903382
386,4.478739511141744,2471,1.0,True,27.344579719007015
387,3.932024505946547,2487,1.0,True,27.387957385042682
388,3.9539170926089793,2684,1.0,True,27.431389022851363
389,4.208605938222265,2596,1.0,True,27.47482638596557
390,4.329601269050185,2233,1.0,True,27.51822743890807
391,3.8038591954277807,2643,1.0,True,27.561547548044473
392,3.268457079828294,1759,1.0,True,27.605005831923336
393,3.9548124042664323,2438,1.0,True,27.64841068885289
394,4.614585816808414,2302,1.0,True,27.691852974006906
395,4.293534943658812,2159,1.0,True,27.735306184971705
396,3.756750846457425,2522,1.0,True,27.77875571884215
397,4.32352381543027,3354,1.0,True,27.822225383017212
398,3.502295723444299,2528,1.0,True,27.86566137103364
399,3.591236733490566,2915,1.0,True,27.913999411975965
400,3.722422429104389,2626,1.0,True,27.965942583046854
401,3.7489036980916284,2828,1.0,True,28.015694980043918
402,3.5700445842047404,2331,1.0,True,28.06497804191895
403,3.7897363424126738,2734,1.0,True,28.114889396820217
404,3.439771160192382,1946,1.0,True,28.168489828007296
405,3.7834143709460126,2221,1.0,True,28.202799231978133
406,3.4378038903294414,2564,1.0,True,28.246197134954855
407,3.7746373699390277,2209,1.0,True,28.289605956990272
408,4.354557954743023,2786,1.0,True,28.33301657391712
409,3.8638089182283326,2498,1.0,True,28.376316003967077
410,3.6055764345711463,2342,1.0,True,28.41976158088073
411,4.184953288649818,2745,1.0,True,28.46312417089939
412,3.6973600034360534,2052,1.0,True,28.50637702504173
413,4.315060988101719,2698,1.0,True,28.549692288972437
414,4.436979460198518,2717,1.0,True,28.59300513402559
415,4.104111276996074,2674,1.0,True,28.63639931892976
416,4.283418829944884,2404,1.0,True,28.679757543839514
417,3.877666193270715,2996,1.0,True,28.723217455903068
418,3.399815447244746,2058,1.0,True,28.766548544866964
419,4.5291223296116,2738,1.0,True,28.809943758882582
420,3.965689326939958,1780,1.0,True,28.85336395399645
421,3.9012636662814817,2968,1.0,True,28.902343899942935
422,3.834944801245099,2678,1.0,True,28.95161089883186
423,4.474586544702556,2636,1.0,True,29.003640135983005
424,3.4107043324139776,1929,1.0,True,29.057145102880895
425,4.136584824345812,2152,1.0,True,29.107035226887092
426,4.031981667638278,2104,1.0,True,29.159073770977557
427,3.972803940007716,3240,1.0,True,29.189808313036337
428,3.569474001865356,1847,1.0,True,29.233264092821628
429,4.629373644258266,3191,1.0,True,29.2766776739154
430,3.654543736937699,2198,1.0,True,29.3200855050236
431,4.568199469478845,2594,1.0,True,29.363421390997246
432,4.805264482206039,2579,1.0,True,29.406740717822686
433,3.874205413683921,2270,1.0,True,29.450184451881796
434,3.3606358345184386,2549,1.0,True,29.49353187181987
435,3.7420531991924704,2081,1.0,True,29.53700218698941
436,3.8612866452660892,2525,1.0,True,29.58045335090719
437,3.877101779919219,2677,1.0,True,29.62394172581844
438,4.654188499556354,2888,1.0,True,29.667304531903937
439,3.8646775083549483,2506,1.0,True,29.710638165008277
440,4.187337204909192,2347,1.0,True,29.75394425704144
441,3.3738759582788407,2724,1.0,True,29.797283676918596
442,3.7910513696621306,2131,1.0,True,29.840778128942475
443,3.643540482446466,2621,1.0,True,29.889188973931596
444,3.9452290898176505,2245,1.0,True,29.939063604921103
445,4.959340567207748,2315,1.0,True,29.991073662880808
446,3.556993103027344,2720,1.0,True,30.044567106990144
447,4.311504873811924,2387,1.0,True,30.094401865964755
448,4.157579019036092,3266,1.0,True,30.146469689905643
449,3.7941499153931493,2507,1.0,True,30.17695078602992
450,4.2413084683659665,2726,1.0,True,30.22022367687896
451,3.9306869323583866,2498,1.0,True,30.263667010935023
452,4.257939840842122,2015,1.0,True,30.307043227832764
453,3.7174729607028607,2364,1.0,True,30.350365494843572
454,4.110969855217187,3059,1.0,True,30.39368600794114
455,3.9225964088320677,2239,1.0,True,30.43704098602757
456,3.8978069300669365,3212,1.0,True,30.480475913966075
457,4.230907430260055,2306,1.0,True,30.523910054005682
458,4.7516686250846885,2583,1.0,True,30.56742512085475
459,4.116538704712986,2391,1.0,True,30.61088752001524
460,3.8676480001720637,1907,1.0,True,30.654332916950807
461,4.069709983887233,2851,1.0,True,30.697744991863146
462,3.755571766447913,2644,1.0,True,30.741233594017103
463,3.7607603411114487,2878,1.0,True,30.78489515488036
464,3.611629622462334,2937,1.0,True,30.82896809396334
465,3.782891791901322,2042,1.0,True,30.877599281957373
466,3.8365317443594398,2410,1.0,True,30.927274737041444
467,4.3371698234967075,2164,1.0,True,30.97929682699032
468,4.214141506199784,1618,1.0,True,31.032724102959037
469,3.939123428389213,3430,1.0,True,31.082595120882615
470,4.109535824712999,3027,1.0,True,31.13245747401379
471,3.9155419634026916,3223,1.0,True,31.164909863844514
472,4.212395218545581,2981,1.0,True,31.209025335032493
473,4.0445156376976215,2115,1.0,True,31.252473818836734
474,3.506356669286456,2167,1.0,True,31.295788355870172
475,4.164443618372867,2432,1.0,True,31.339131547836587
476,4.083773719555062,2756,1.0,True,31.382614813977852
477,3.6796192925640825,2587,1.0,True,31.426001189975068
478,3.6661599138657825,2780,1.0,True,31.469451982993633
479,3.241439995209486,2169,1.0,True,31.512888439930975
480,4.230519515749008,2520,1.0,True,31.556317711016163
481,3.6668973997666097,2698,1.0,True,31.599649776006117
482,4.432627199151227,2719,1.0,True,31.643131950870156
483,4.617123140908642,2534,1.0,True,31.686457237927243
484,3.568633748245748,2249,1.0,True,31.729969875887036
485,3.8693293174519647,2316,1.0,True,31.77346325200051
486,3.977577424183572,3198,1.0,True,31.817023128038272
487,3.802614241003628,2963,1.0,True,31.865770707838237
488,3.710961923773742,2514,1.0,True,31.91772039490752
489,4.054815203342128,1907,1.0,True,31.967516232049093
490,3.331923069417185,2452,1.0,True,32.02093789889477
491,3.987485062315529,2414,1.0,True,32.07074022293091
492,3.7925158315713543,2047,1.0,True,32.122732660965994
493,4.09382639182778,2806,1.0,True,32.15503738401458
494,3.770952087211011,2233,1.0,True,32.19852929189801
495,4.077846100090886,2957,1.0,True,32.24199319584295
496,3.912851365656495,2679,1.0,True,32.28541005495936
497,3.6477122896958547,2319,1.0,True,32.32892535883002
498,3.9571215562803315,2228,1.0,True,32.37243103701621
499,4.01372944859415,2733,1.0,True,32.415876446990296
500,3.730664674607609,2433,1.0,True,32.45930407801643
501,4.095712450972033,2199,0.999099099099099,True,32.81783858104609
502,4.208031488340308,2315,0.9972972972972972,True,32.87131652282551
503,4.244643371902197,2097,0.9954954954954955,True,32.92107312986627
504,4.691495409682574,2474,0.9936936936936938,True,32.96058901282959
505,4.518965602707377,3487,0.991891891891892,True,33.00408993894234
506,4.233140743222824,2792,0.99009009009009,True,33.047472483012825
507,4.817732641707251,2772,0.9882882882882883,True,33.090821995865554
508,4.430470650404112,3186,0.9864864864864865,True,33.134210055926815
509,3.9327454146080867,2062,0.9846846846846847,True,33.17766266781837
510,4.244412194566064,2648,0.982882882882883,True,33.22097770497203
511,4.0866717934160866,1598,0.981081081081081,True,33.264381729997694
512,3.5685406053487423,2604,0.9792792792792793,True,33.30781703884713
513,3.562855386191588,1934,0.9774774774774775,True,33.351145745953545
514,4.009298727545939,2272,0.9756756756756757,True,33.39455880783498
515,4.367340776566184,2969,0.9738738738738739,True,33.4379408499226
516,4.292134132202095,2291,0.972072072072072,True,33.4812939199619
517,4.124040762648053,2459,0.9702702702702702,True,33.52466439688578
518,4.058230371225097,2974,0.9684684684684685,True,33.56805822183378
519,3.926628757106477,2534,0.9666666666666667,True,33.61145047098398
520,4.440077236908929,2892,0.964864864864865,True,33.66026076790877
521,3.6725616356059376,3082,0.963063063063063,True,33.71011229394935
522,4.106718458232645,2845,0.9612612612612612,True,33.76217974885367
523,3.982815018761471,2588,0.9594594594594594,True,33.81572036887519
524,3.797635248655914,2790,0.9576576576576578,True,33.86553277494386
525,3.8685416060725437,2122,0.955855855855856,True,33.91759586101398
526,4.5039793820233855,2881,0.954054054054054,True,33.94801397691481
527,3.596618898376938,3225,0.9522522522522522,True,33.991390951909125
528,3.841022597709886,2549,0.9504504504504505,True,34.034809262957424
529,3.6796085218048997,2541,0.9486486486486487,True,34.078108513960615
530,3.777825789018111,1936,0.946846846846847,True,34.12150286883116
531,3.6249918029009756,1102,0.9450450450450449,True,34.1649680568371
532,3.954614087505129,2437,0.9432432432432433,True,34.20840927492827
533,4.299148571316878,2598,0.9414414414414415,True,34.251827532891184
534,3.272515632775742,2763,0.9396396396396397,True,34.29530070000328
535,3.764542194485842,2684,0.9378378378378377,True,34.33871212997474
536,3.910993414739827,2353,0.936036036036036,True,34.3821013669949
537,3.724109528087317,2322,0.9342342342342342,True,34.42542168102227
538,4.384402086398957,2421,0.9324324324324325,True,34.4688119108323
539,4.223570980540144,2298,0.9306306306306307,True,34.51226734602824
540,4.759151757008745,2187,0.9288288288288288,True,34.555614861892536
541,3.3728212586636674,2313,0.927027027027027,True,34.59898588201031
542,4.29525469767547,2764,0.9252252252252252,True,34.6474470240064
543,3.901470807490458,3275,0.9234234234234234,True,34.697305681882426
544,3.6983885131488723,2461,0.9216216216216216,True,34.74938112590462
545,4.064138297575066,2656,0.9198198198198198,True,34.802896316861734
546,3.4754996635401927,2827,0.918018018018018,True,34.85273729893379
547,4.277200375439413,2418,0.9162162162162162,True,34.904870041878894
548,4.204212527745582,2858,0.9144144144144144,True,34.93536535091698
549,4.494657371446223,2959,0.9126126126126127,True,34.978867480996996
550,3.8845202016746936,2284,0.9108108108108107,True,35.02224616892636
551,4.534852096338591,2508,0.9090090090090089,True,35.06564294802956
552,4.497368215615573,2652,0.9072072072072072,True,35.10902655799873
553,3.2772712137421824,3078,0.9054054054054055,True,35.15243872604333
554,3.1071133373133244,2578,0.9036036036036037,True,35.195841836044565
555,3.2243041222836792,2380,0.9018018018018017,True,35.23918501287699
556,4.115874594830452,2444,0.8999999999999999,True,35.282604679930955
557,3.7075741711784813,2176,0.8981981981981982,True,35.32593449600972
558,4.33136118058678,2502,0.8963963963963965,True,35.369254576042295
559,4.426242281511597,2867,0.8945945945945947,True,35.412671769969165
560,4.113063660715654,2039,0.8927927927927927,True,35.45600118697621
561,3.62680668624455,3211,0.890990990990991,True,35.49938040692359
562,4.225416818552422,1811,0.8891891891891892,True,35.542812493862584
563,4.043501011337453,2387,0.8873873873873874,True,35.58624730701558
564,3.893635851271609,2632,0.8855855855855856,True,35.634731153957546
565,3.901993160922428,3110,0.8837837837837837,True,35.6845729269553
566,3.851848292827023,2453,0.881981981981982,True,35.73662139382213
567,3.8278277624123045,1853,0.8801801801801802,True,35.79039838304743
568,4.06029782623014,3084,0.8783783783783784,True,35.84013652289286
569,4.027878141946483,2282,0.8765765765765766,True,35.89217303087935
570,4.305875763179749,3048,0.8747747747747747,True,35.92390935891308
571,4.205965079098857,2888,0.8729729729729729,True,35.96727366396226
572,4.5875326089263195,2577,0.8711711711711712,True,36.01075734291226
573,4.988161210582229,2254,0.8693693693693694,True,36.05423402786255
574,3.5497975915038293,2546,0.8675675675675676,True,36.09756152401678
575,4.1998456349177085,2119,0.8657657657657657,True,36.140913769835606
576,3.4013949856899752,2222,0.8639639639639639,True,36.18425066489726
577,3.85581638168239,2385,0.8621621621621621,True,36.22770588682033
578,3.9155932250452654,1864,0.8603603603603605,True,36.27101672091521
579,4.650872266272803,3015,0.8585585585585587,True,36.31448992388323
580,3.811102190314577,2859,0.8567567567567567,True,36.357904536882415
581,3.9911367708557446,2324,0.8549549549549549,True,36.40130067197606
582,4.1886507388230285,3158,0.8531531531531531,True,36.444837380899116
583,3.7779488539655937,2396,0.8513513513513514,True,36.488275334006175
584,3.2913242749363354,2442,0.8495495495495496,True,36.53164685983211
585,4.0573353180452605,3339,0.8477477477477476,True,36.575095670996234
586,3.8290651387239243,2289,0.845945945945946,True,36.62411206588149
587,4.689374037191901,2556,0.8441441441441442,True,36.67333029885776
588,4.2922229913942,2334,0.8423423423423424,True,36.72535160393454
589,4.180173966433148,2556,0.8405405405405406,True,36.77888564183377
590,3.7751728355075054,2798,0.8387387387387386,True,36.829032555921
591,3.5317177680569904,2541,0.8369369369369369,True,36.88116806000471
592,4.370877621010265,2667,0.8351351351351352,True,36.91156743303873
593,3.6109994376215955,2827,0.8333333333333334,True,36.95507719996385
594,4.240434737011104,3017,0.8315315315315316,True,36.99866583594121
595,4.013633419803961,2203,0.8297297297297297,True,37.04205865901895
596,4.331182056684586,2488,0.8279279279279279,True,37.08538813586347
597,3.7601401542740125,2392,0.8261261261261261,True,37.12873812089674
598,3.85166225901352,1997,0.8243243243243243,True,37.172136281849816
599,3.4210894777552694,2823,0.8225225225225224,True,37.21555934799835
600,3.3232114125102505,2134,0.8207207207207207,True,37.258954521035776
601,3.1861619290328385,2518,0.8189189189189189,True,37.302424809895456
602,3.5664658247632217,2633,0.8171171171171171,True,37.345906673930585
603,3.900334647311664,1943,0.8153153153153154,True,37.389364200877026
604,4.3696368965189025,2093,0.8135135135135134,True,37.43273982987739
605,3.8700396408640376,3301,0.8117117117117116,True,37.4761024559848
606,3.6298865240973397,2960,0.8099099099099099,True,37.5195053468924
607,4.162318353389939,1958,0.8081081081081081,True,37.562917741946876
608,4.398143376408906,2706,0.8063063063063064,True,37.61147643602453
609,3.433989267190501,2343,0.8045045045045044,True,37.66120508196764
610,4.048080265485233,3242,0.8027027027027026,True,37.71323460992426
611,3.9660009836441716,2758,0.8009009009009009,True,37.76671586884186
612,3.742671123855399,2621,0.7990990990990992,True,37.816495975945145
613,4.488888997606254,3094,0.7972972972972974,True,37.868584932992235
614,4.444871187366628,3046,0.7954954954954954,True,37.89941978803836
615,3.5776152336042326,2534,0.7936936936936936,True,37.94277840689756
616,3.9776630330352973,2409,0.7918918918918919,True,37.98615081002936
617,3.266053178402654,1964,0.7900900900900901,True,38.02948030899279
618,3.7790818375685022,2395,0.7882882882882883,True,38.07285342994146
619,3.766019710517558,2465,0.7864864864864864,True,38.116206859005615
620,3.630329982146523,1979,0.7846846846846847,True,38.15956808603369
621,4.072364381122105,3152,0.7828828828828829,True,38.20298262988217
622,4.6282879686731055,2032,0.7810810810810811,True,38.24649435188621
623,4.433166160184533,2486,0.7792792792792793,True,38.28983548586257
624,3.2986010760178703,2714,0.7774774774774774,True,38.3331389199011
625,3.84875439404248,2997,0.7756756756756756,True,38.3765728760045
626,3.2876215723026863,2108,0.7738738738738739,True,38.41992959193885
627,4.258545149901735,3212,0.7720720720720721,True,38.463330589002
628,4.909728790897651,3725,0.7702702702702704,True,38.50671460898593
629,4.61887383643617,2350,0.7684684684684684,True,38.550090885022655
630,3.3628509773695763,1573,0.7666666666666666,True,38.59857053984888
631,4.233718684532123,2685,0.7648648648648648,True,38.648445402039215
632,3.529573340864547,2296,0.763063063063063,True,38.70039720600471
633,3.7213253303057168,2626,0.7612612612612614,True,38.75392814492807
634,4.823634075427509,3209,0.7594594594594594,True,38.80390583095141
635,3.047840961347097,3109,0.7576576576576576,True,38.855901680886745
636,4.317195664529044,2763,0.7558558558558559,True,38.88667175290175
637,4.11147719072243,2582,0.7540540540540541,True,38.93008429300971
638,4.5262302469923865,2356,0.7522522522522523,True,38.97355627082288
639,3.9618419591828853,3237,0.7504504504504503,True,39.01691542402841
640,4.432227236315589,3116,0.7486486486486486,True,39.06026885099709
641,3.0237875039952,2591,0.7468468468468468,True,39.103719437960535
642,3.2637845099260265,2691,0.7450450450450451,True,39.14715700899251
643,4.33453466796875,2500,0.7432432432432433,True,39.19062089687213
644,3.5066604422724894,2390,0.7414414414414414,True,39.23403023183346
645,4.065323624126996,2631,0.7396396396396396,True,39.27736463584006
646,3.6095527326557,2840,0.7378378378378379,True,39.32071155984886
647,4.471165219280896,3002,0.7360360360360361,True,39.36413756082766
648,3.655632229799724,3077,0.7342342342342343,True,39.407478532986715
649,4.417787655340058,3005,0.7324324324324323,True,39.45079864584841
650,3.813565820101655,2779,0.7306306306306306,True,39.49420761899091
651,3.196616398150186,2556,0.7288288288288288,True,39.537669433047995
652,4.14718308861462,1999,0.7270270270270272,True,39.5862227359321
653,3.7519305358270203,2475,0.7252252252252254,True,39.63609070982784
654,3.4852771139507386,2894,0.7234234234234234,True,39.68813125882298
655,4.335605321871561,2726,0.7216216216216216,True,39.74165374902077
656,4.007114029827637,2977,0.7198198198198198,True,39.79150532395579
657,4.842299267854436,2474,0.718018018018018,True,39.84355706884526
658,4.777447709957213,2622,0.7162162162162161,True,39.87568873097189
659,3.605927651174787,1878,0.7144144144144143,True,39.919226767960936
660,3.6163857872806378,2144,0.7126126126126127,True,39.96267811697908
661,4.6639353660920895,2917,0.7108108108108109,True,40.00622807396576
662,3.91803279923804,2268,0.7090090090090091,True,40.0497190579772
663,3.6164620695518326,2619,0.7072072072072071,True,40.09319949802011
664,3.5295681808465496,2467,0.7054054054054053,True,40.13669767789543
665,3.6342941864964047,2312,0.7036036036036035,True,40.18019586103037
666,3.9598162978346614,2369,0.7018018018018017,True,40.22371585597284
667,4.2366563171649085,2559,0.7000000000000001,True,40.26726877596229
668,4.094221717276803,2572,0.6981981981981982,True,40.31073058699258
669,4.679094416667773,2354,0.6963963963963964,True,40.354255544021726
670,4.737364412207222,3074,0.6945945945945946,True,40.39781154296361
671,4.118230214651978,2648,0.6927927927927928,True,40.44135208893567
672,3.262481542798097,2289,0.690990990990991,True,40.484941992908716
673,3.7080083370823487,2327,0.689189189189189,True,40.5284439008683
674,3.563465499641139,3222,0.6873873873873872,True,40.57734798686579
675,3.8056058457726154,2642,0.6855855855855856,True,40.626600072020665
676,3.3971609349760072,2631,0.6837837837837838,True,40.67860128986649
677,3.2288655286463595,2474,0.6819819819819821,True,40.7321965219453
678,3.2803076019525155,3205,0.6801801801801801,True,40.78253008588217
679,3.2532472639895054,2269,0.6783783783783783,True,40.83454273198731
680,3.401934850938701,2342,0.6765765765765765,True,40.86564361699857
681,4.205383583875666,2156,0.6747747747747748,True,40.9091787179932
682,4.251837356691438,2460,0.672972972972973,True,40.95274319103919
683,3.4758698816505422,2639,0.6711711711711711,True,40.996273637982085
684,3.7022063373889824,2083,0.6693693693693693,True,41.03969153994694
685,3.6422219596303385,2564,0.6675675675675676,True,41.08316957601346
686,3.788781301200847,1955,0.6657657657657658,True,41.12665274995379
687,3.944724757175406,2894,0.6639639639639641,True,41.17017735890113
688,3.3842355553462977,2686,0.6621621621621621,True,41.213696595979854
689,4.2714928324145225,2497,0.6603603603603603,True,41.25723531190306
690,4.320637335271618,2018,0.6585585585585585,True,41.300815294031054
691,3.998074475189657,2521,0.6567567567567567,True,41.34420906892046
692,2.9048214730409687,2447,0.654954954954955,True,41.38768410496414
693,4.41050115604649,3455,0.6531531531531531,True,41.43117674998939
694,4.576660667004446,2629,0.6513513513513514,True,41.474690773990005
695,3.455519680273604,2346,0.6495495495495496,True,41.51819530501962
696,3.7652612997285018,1410,0.6477477477477478,True,41.566674071829766
697,4.37372077224601,1872,0.645945945945946,True,41.61661165393889
698,3.983222501823701,2656,0.644144144144144,True,41.668574310839176
699,3.331658995977723,2121,0.6423423423423422,True,41.722182034980506
700,3.568609219408273,2611,0.6405405405405405,True,41.77200726303272
701,4.207745746348242,2901,0.6387387387387388,True,41.824208764825016
702,3.3932001383665478,3224,0.6369369369369371,True,41.854956194991246
703,3.997503625809792,2354,0.6351351351351351,True,41.898892645025626
704,3.2724557030111625,2402,0.6333333333333333,True,41.94238648493774
705,4.225116489169834,2664,0.6315315315315315,True,41.98602903285064
706,3.3542805781715623,2349,0.6297297297297297,True,42.02948918193579
707,3.9343734429547466,2399,0.627927927927928,True,42.073051859857515
708,4.383441428604546,2359,0.6261261261261261,True,42.11651649395935
709,4.18611357896731,1964,0.6243243243243243,True,42.159915601834655
710,4.694090298058066,2199,0.6225225225225226,True,42.20343252690509
711,4.092212278451493,1876,0.6207207207207208,True,42.2468960119877
712,4.393634196205026,2696,0.618918918918919,True,42.290435754926875
713,4.255064985266027,2683,0.617117117117117,True,42.333866578992456
714,3.300064074736258,2506,0.6153153153153152,True,42.377370283938944
715,3.9943866151751894,2772,0.6135135135135135,True,42.42090076697059
716,3.684138062206742,3037,0.6117117117117117,True,42.4643488409929
717,3.3654875927754215,2461,0.60990990990991,True,42.50783682987094
718,3.4971311709135193,2072,0.6081081081081081,True,42.55919298902154
719,4.118410156929584,2874,0.6063063063063063,True,42.612690455978736
720,3.9404242519162738,2650,0.6045045045045045,True,42.662491468014196
721,3.4998863730033705,2559,0.6027027027027028,True,42.74156447290443
722,4.004243690010664,2813,0.6009009009009008,True,42.79502486484125
723,3.253831496706972,2892,0.599099099099099,True,42.82837376394309
724,3.9483460790283114,2733,0.5972972972972972,True,42.87173074693419
725,4.046332061236108,2182,0.5954954954954955,True,42.915204060962424
726,4.055447542505729,1991,0.5936936936936937,True,42.958615430863574
727,4.3183163756727,3066,0.5918918918918918,True,43.00205510901287
728,3.922338632436899,2704,0.5900900900900901,True,43.04544726689346
729,4.29198592071173,2542,0.5882882882882883,True,43.08885972783901
730,4.359102993844205,2405,0.5864864864864865,True,43.13233745796606
731,3.6390465239775347,2604,0.5846846846846847,True,43.175697366008535
732,3.663203785008608,1561,0.5828828828828827,True,43.21906890394166
733,4.10535288200104,2224,0.581081081081081,True,43.26249306485988
734,3.660854314630682,2750,0.5792792792792792,True,43.30587616097182
735,4.006591363386675,2816,0.5774774774774776,True,43.349236523965374
736,3.3166186156575677,2063,0.5756756756756758,True,43.39258033782244
737,4.405551027312992,2540,0.5738738738738738,True,43.435956778004766
738,3.937799659614549,2733,0.572072072072072,True,43.47933007683605
739,4.613881855237154,2530,0.5702702702702702,True,43.52779719582759
740,4.457565779379039,1973,0.5684684684684684,True,43.577664935961366
741,4.252221397500249,2509,0.5666666666666667,True,43.62963954801671
742,4.358281247830825,2251,0.5648648648648648,True,43.68321047001518
743,3.359071126596406,2765,0.5630630630630631,True,43.7330407188274
744,3.442790036799694,3021,0.5612612612612613,True,43.78511667996645
745,3.4008700181811635,2170,0.5594594594594595,True,43.817611790960655
746,3.2625158102784195,2219,0.5576576576576577,True,43.86094229086302
747,3.670265432802306,2759,0.5558558558558557,True,43.90440994594246
748,3.9051516057225513,2047,0.554054054054054,True,43.9480014720466
749,4.73605287765444,2072,0.5522522522522522,True,43.99155894992873
750,4.22109220573701,1660,0.5504504504504505,True,44.0349739480298
751,4.033714512112909,2874,0.5486486486486487,True,44.382506555877626
752,3.6014581495715725,1488,0.5468468468468468,True,44.43453126586974
753,4.009487696250808,2706,0.545045045045045,True,44.488479387015104
754,3.38089321021769,2594,0.5432432432432432,True,44.537821848876774
755,3.3044143918960813,2520,0.5414414414414415,True,44.589986577862874
756,2.9637748074106796,1291,0.5396396396396397,True,44.62070875684731
757,4.469425705361708,2445,0.5378378378378377,True,44.66429807199165
758,4.11226279303757,2838,0.536036036036036,True,44.707701785024256
759,3.336437376319261,2274,0.5342342342342342,True,44.750988804968074
760,4.774511950162915,2110,0.5324324324324325,True,44.79450135701336
761,3.702201685310845,2077,0.5306306306306308,True,44.83782752696425
762,3.6139038605045797,3057,0.5288288288288288,True,44.88121125497855
763,3.5882888579806136,2779,0.527027027027027,True,44.924552486045286
764,3.687377970568382,2986,0.5252252252252252,True,44.96803245996125
765,3.7656242709499814,2679,0.5234234234234234,True,45.01156680798158
766,3.663748892181065,2671,0.5216216216216216,True,45.05484660784714
767,3.9244722665991274,2406,0.5198198198198197,True,45.09820918086916
768,4.256060033604719,2208,0.5180180180180181,True,45.14162106299773
769,4.996232405952785,3312,0.5162162162162163,True,45.18506377981976
770,3.357553131411774,1980,0.5144144144144145,True,45.228380899876356
771,3.1413223844203646,2721,0.5126126126126127,True,45.2717161020264
772,3.3660067668003317,2486,0.5108108108108107,True,45.320184712996706
773,4.399893298557353,2301,0.5090090090090089,True,45.37646891293116
774,4.425023684446839,2175,0.5072072072072071,True,45.426263666013256
775,3.461525094644192,2383,0.5054054054054055,True,45.47830679197796
776,3.7942644703941357,2737,0.5036036036036037,True,45.53175546694547
777,4.119496430507551,2839,0.5018018018018018,True,45.58158115204424
778,4.166803854227841,2767,0.5,True,45.60782548296265
779,3.0669987951248197,2252,0.4981981981981982,True,45.65116887097247
780,4.029134764288464,2192,0.49639639639639643,True,45.69454528205097
781,4.1105978715631535,2871,0.49459459459459465,True,45.737960828933865
782,4.040452462769789,2473,0.49279279279279276,True,45.78150386782363
783,3.3341064453125,2394,0.49099099099099097,True,45.82554676593281
784,3.5632974854045676,2303,0.4891891891891892,True,45.868998993886635
785,3.681488048374631,2709,0.4873873873873874,True,45.91241488303058
786,4.706196206577095,3019,0.4855855855855855,True,45.95582041190937
787,3.7202760830372075,2093,0.4837837837837837,True,45.999219375895336
788,3.1979163548328113,2414,0.48198198198198194,True,46.04254155885428
789,4.395418763241525,2950,0.48018018018018016,True,46.085948006017134
790,3.5801541542593327,2133,0.4783783783783784,True,46.129281624918804
791,4.084297337630453,2132,0.4765765765765765,True,46.172713533975184
792,3.9623620375147404,1696,0.4747747747747747,True,46.21604616404511
793,3.9847355994441207,3002,0.4729729729729729,True,46.25938832690008
794,3.8677565414808037,2494,0.47117117117117113,True,46.30788190290332
795,4.219603470507616,2987,0.46936936936936946,True,46.357716525904834
796,3.7857667781560806,2765,0.46756756756756745,True,46.40966663998552
797,3.452602935750702,3028,0.46576576576576567,True,46.46312404703349
798,3.8365724932211367,2789,0.4639639639639639,True,46.5129330069758
799,3.383396649773791,1789,0.4621621621621622,True,46.564978944836184
800,4.520426564531199,3077,0.46036036036036043,True,46.59593020286411
801,3.593129624244532,2606,0.4585585585585584,True,46.639366382034495
802,3.9357569618830603,2520,0.45675675675675664,True,46.682749839965254
803,4.1787992602717265,2192,0.45495495495495497,True,46.726308445911855
804,3.35282630513726,2345,0.4531531531531532,True,46.769785427022725
805,3.735430229000929,2624,0.4513513513513514,True,46.813106844900176
806,3.786859133444515,2361,0.4495495495495494,True,46.85667025484145
807,4.177502046165566,2687,0.4477477477477477,True,46.900027422001585
808,3.2627755288549687,2727,0.44594594594594594,True,46.94344949093647
809,3.897273101026805,2348,0.44414414414414416,True,46.98683383385651
810,3.9730058684623213,3009,0.4423423423423424,True,47.03020581183955
811,3.4789641842486043,2732,0.4405405405405405,True,47.073521063895896
812,4.047233921024224,2562,0.4387387387387387,True,47.11693332903087
813,3.428490756795221,3118,0.4369369369369369,True,47.160375226987526
814,3.7945649745100636,2596,0.43513513513513513,True,47.20368834491819
815,4.336508211525538,2325,0.43333333333333335,True,47.24695472000167
816,3.084963542113811,2730,0.43153153153153145,True,47.295360727002844
817,3.362695601818881,2194,0.42972972972972967,True,47.3451892118901
818,3.5524647401470326,2102,0.4279279279279279,True,47.39722505793907
819,3.73398265390421,1915,0.4261261261261261,True,47.45064263883978
820,3.885218804871121,2723,0.42432432432432443,True,47.50047094002366
821,3.635250882151624,3310,0.4225225225225224,True,47.55251172394492
822,4.03091854381922,1851,0.42072072072072064,True,47.58478507399559
823,4.491753296674543,2202,0.41891891891891886,True,47.628158699022606
824,3.8608109659223415,2680,0.4171171171171172,True,47.67171056987718
825,4.29642914351147,2463,0.4153153153153154,True,47.715160111896694
826,4.0163749170080125,2777,0.4135135135135134,True,47.758642761968076
827,3.171913117193599,2562,0.4117117117117116,True,47.8021665730048
828,3.717634618973976,2930,0.40990990990990994,True,47.84559510694817
829,4.107729204367087,2409,0.40810810810810816,True,47.889066363917664
830,3.8229019770983754,1939,0.4063063063063064,True,47.93248092290014
831,3.802677544900108,1974,0.40450450450450437,True,47.97587554482743
832,3.9712804625914977,2775,0.4027027027027027,True,48.01928222295828
833,4.48844361635091,1807,0.4009009009009009,True,48.0626825238578
834,3.431422605786092,2388,0.39909909909909913,True,48.10612832987681
835,4.120510432009785,2111,0.39729729729729735,True,48.149539389880374
836,4.419926008687154,2894,0.39549549549549545,True,48.19293379294686
837,3.8683851391489057,2604,0.39369369369369367,True,48.236289751017466
838,4.353236168986674,2786,0.3918918918918919,True,48.28519448591396
839,4.144689625520649,2821,0.3900900900900901,True,48.33447982091457
840,3.9606763137236793,2707,0.3882882882882883,True,48.38651010300964
841,3.9889765636462,2556,0.3864864864864864,True,48.440010217018425
842,2.862674829145237,1677,0.38468468468468464,True,48.48984255082905
843,3.7218223299789566,2777,0.38288288288288286,True,48.54186114296317
844,3.2536781149419056,1369,0.3810810810810811,True,48.57254689093679
845,4.052620810988811,2497,0.3792792792792792,True,48.61594503093511
846,3.7184925268192104,3232,0.3774774774774774,True,48.65937352483161
847,3.5566169121728555,2646,0.3756756756756756,True,48.70265957782976
848,3.9170694074108128,2719,0.37387387387387383,True,48.74608733598143
849,3.4356719678524263,3029,0.37207207207207216,True,48.78945295489393
850,4.4366481395548645,2296,0.37027027027027015,True,48.83278182405047
851,3.6107070872968126,2753,0.36846846846846837,True,48.87618769798428
852,3.589299074784462,2617,0.3666666666666666,True,48.91960465698503
853,3.9325757917870905,2595,0.3648648648648649,True,48.96298367693089
854,3.8209209330798157,2227,0.36306306306306313,True,49.00634215795435
855,4.165414179673993,2892,0.3612612612612611,True,49.04964029882103
856,4.19665193412804,2303,0.35945945945945934,True,49.09310572594404
857,3.1146371714542633,1894,0.35765765765765767,True,49.13641973002814
858,3.0581419541542303,2429,0.3558558558558559,True,49.17980013298802
859,3.5575771601418444,1627,0.3540540540540541,True,49.223297955002636
860,4.192000233798096,2573,0.3522522522522521,True,49.271665683947504
861,4.2756879418622145,2493,0.3504504504504504,True,49.328053938923404
862,4.000253779062373,2457,0.34864864864864864,True,49.37786801997572
863,3.944898651867378,2501,0.34684684684684686,True,49.42992475396022
864,3.1933067251525094,2715,0.3450450450450451,True,49.48344224598259
865,4.028512889463002,2017,0.3432432432432432,True,49.53325275890529
866,3.61734372093564,2184,0.3414414414414414,True,49.559578449930996
867,3.5445560003443526,2904,0.3396396396396396,True,49.60280260303989
868,3.896282995222381,2358,0.33783783783783783,True,49.646244117990136
869,3.7053399686367006,3034,0.33603603603603605,True,49.68959856289439
870,3.220185213495019,1926,0.33423423423423415,True,49.73299032286741
871,3.35796196542272,2719,0.33243243243243237,True,49.77635502303019
872,3.83722338178156,2622,0.3306306306306306,True,49.81969722895883
873,3.7663473378057066,2070,0.3288288288288288,True,49.86317754886113
874,3.74942782613255,2980,0.32702702702702713,True,49.90656032995321
875,3.9224009231407884,2870,0.3252252252252251,True,49.94994416995905
876,5.017951274671053,3325,0.32342342342342334,True,49.99339762004092
877,3.9772087953766655,2289,0.32162162162162156,True,50.03676717495546
878,3.6924286698652513,2449,0.3198198198198199,True,50.08015393093228
879,3.3178200207771944,2273,0.3180180180180181,True,50.12354594585486
880,3.9969119534085755,2755,0.3162162162162161,True,50.16699564293958
881,3.4243688527245517,1869,0.3144144144144143,True,50.21037312783301
882,3.0845914143702133,2285,0.31261261261261264,True,50.25936926295981
883,3.640456581854687,2323,0.31081081081081086,True,50.309218120994046
884,3.832012901320172,2721,0.3090090090090091,True,50.35901517095044
885,3.440519938965749,2697,0.30720720720720707,True,50.4082045708783
886,4.03104392483058,2527,0.3054054054054054,True,50.46015984984115
887,4.230006121206975,2760,0.3036036036036036,True,50.51370740495622
888,4.976289938801031,2474,0.30180180180180183,True,50.547075723996386
889,4.108114476630543,2526,0.30000000000000004,True,50.590516310883686
890,3.434890455501095,2512,0.29819819819819815,True,50.63394151395187
891,4.271277955984023,3372,0.29639639639639637,True,50.67721440596506
892,4.34562294914993,2838,0.2945945945945946,True,50.72064611199312
893,2.8901878245481614,1506,0.2927927927927928,True,50.7640218869783
894,3.8002999727843236,2928,0.290990990990991,True,50.807745643891394
895,3.6954072865650045,2246,0.2891891891891891,True,50.85118826292455
896,3.7768146923465666,2829,0.28738738738738734,True,50.89472632901743
897,3.900009457138441,3134,0.28558558558558556,True,50.9381814438384
898,4.2249159232649225,3024,0.28378378378378377,True,50.981486793840304
899,3.15600463033194,2781,0.2819819819819821,True,51.02493740292266
900,3.4979983749420254,2493,0.2801801801801801,True,51.06836605886929
901,4.192256450300125,2702,0.2783783783783783,True,51.11173674603924
902,3.342553493123909,2578,0.2765765765765765,True,51.155035936972126
903,4.019970434920468,3277,0.27477477477477485,True,51.19838696392253
904,2.89757726393599,2359,0.27297297297297307,True,51.24688183097169
905,3.908766960697458,3157,0.27117117117117107,True,51.29665054893121
906,3.8848393624389557,2662,0.2693693693693693,True,51.34863120294176
907,3.80792729472003,2661,0.2675675675675676,True,51.40211262786761
908,4.00986666355085,1985,0.2657657657657658,True,51.45192496501841
909,2.974957782180731,2770,0.2639639639639638,True,51.50399392284453
910,3.2888562414381237,2304,0.26216216216216204,True,51.535578954964876
911,3.9415245196633326,2987,0.26036036036036037,True,51.5789479999803
912,4.014834803611488,2396,0.2585585585585586,True,51.622287429869175
913,4.00099393990408,2564,0.2567567567567568,True,51.665704305050895
914,3.2679624700563714,2733,0.2549549549549548,True,51.70904350001365
915,3.7168388901550484,2211,0.2531531531531531,True,51.75236345292069
916,3.995777168801303,2170,0.25135135135135134,True,51.79574859398417
917,3.945244777349778,2592,0.24954954954954955,True,51.83924276102334
918,4.120043174342105,2375,0.24774774774774777,True,51.88277935399674
919,2.9077690078826723,1670,0.24594594594594588,True,51.92616170900874
920,3.7708705969024123,2280,0.2441441441441441,True,51.96963386191055
921,3.6534432757536845,2324,0.2423423423423423,True,52.013049931963906
922,4.849162198507421,2257,0.24054054054054053,True,52.05646250001155
923,4.094234649748991,2353,0.23873873873873874,True,52.09974121488631
924,2.770077314913908,1971,0.23693693693693685,True,52.14311481383629
925,3.755709076757317,2759,0.23513513513513506,True,52.186486296821386
926,4.108653693732473,3031,0.23333333333333328,True,52.23540900298394
927,4.4415283203125,2386,0.2315315315315315,True,52.28462614491582
928,3.6275969573429654,1792,0.22972972972972983,True,52.33666411694139
929,3.9169146087892877,2601,0.22792792792792782,True,52.39016053196974
930,4.401836617090682,2098,0.22612612612612604,True,52.440023513976485
931,3.505219429731369,2048,0.22432432432432425,True,52.49217800190672
932,4.266536840656459,2682,0.22252252252252258,True,52.523001212859526
933,3.4929266347900008,2564,0.2207207207207208,True,52.56656676484272
934,4.4994823283601235,2924,0.2189189189189188,True,52.610014891950414
935,3.6127955134407572,3262,0.217117117117117,True,52.653561188839376
936,4.0586766248923825,3049,0.21531531531531534,True,52.697173055959865
937,3.4165387591943768,2872,0.21351351351351355,True,52.7406771320384
938,4.098420759391595,3013,0.21171171171171177,True,52.78401431092061
939,4.410564528122966,3073,0.20990990990990976,True,52.82748228893615
940,4.11167235687336,1905,0.2081081081081081,True,52.87108730804175
941,3.685501767113095,2625,0.2063063063063063,True,52.914750176947564
942,3.5588120849171063,2228,0.20450450450450453,True,52.958223273046315
943,3.742198161999052,1912,0.20270270270270274,True,53.001741085899994
944,4.319577538300552,3076,0.20090090090090085,True,53.04520714096725
945,4.10301755874876,2520,0.19909909909909906,True,53.088577455841005
946,3.183188153128339,1638,0.19729729729729728,True,53.1321594780311
947,3.083014343405783,2542,0.1954954954954955,True,53.175527018960565
948,4.516470484891075,2846,0.1936936936936937,True,53.223774381913245
949,4.321828822054373,2561,0.19189189189189182,True,53.275767247891054
950,4.332633515235084,2204,0.19009009009009004,True,53.32557946583256
951,3.996936320602648,2181,0.18828828828828825,True,53.37484588683583
952,3.6311233830330942,1576,0.18648648648648647,True,53.42465177294798
953,4.023936042513382,2522,0.1846846846846848,True,53.473889200016856
954,4.079938925914721,2195,0.1828828828828828,True,53.51094839791767
955,3.641013675265842,2304,0.181081081081081,True,53.55451417597942
956,3.731834708534925,1773,0.17927927927927922,True,53.59791393997148
957,3.987963876173169,2717,0.17747747747747755,True,53.641305764904246
958,4.215034873491957,2611,0.17567567567567577,True,53.684628845890984
959,3.7484745685269782,2319,0.17387387387387376,True,53.7279892929364
960,3.7018746615872526,2525,0.17207207207207198,True,53.77150247595273
961,3.382026747966932,2321,0.1702702702702703,True,53.81508784298785
962,3.4946717262916382,2942,0.16846846846846852,True,53.85855086403899
963,3.588004935013267,2273,0.16666666666666674,True,53.90194252785295
964,3.599070448764535,2150,0.16486486486486474,True,53.94532654900104
965,3.0362590179285127,2893,0.16306306306306306,True,53.98869300982915
966,3.1918445713472683,2265,0.16126126126126128,True,54.032085650833324
967,4.367388259642499,3236,0.1594594594594595,True,54.07539208093658
968,3.587889772479267,2291,0.1576576576576577,True,54.118868401041254
969,4.308494243775115,2613,0.15585585585585582,True,54.16227099788375
970,3.8320923137978062,2131,0.15405405405405403,True,54.21068271785043
971,3.8079326241972042,2647,0.15225225225225225,True,54.26267991703935
972,4.500616776315789,1900,0.15045045045045047,True,54.31471585785039
973,3.5018971150367175,2332,0.14864864864864857,True,54.36598524893634
974,3.706858679296384,2387,0.1468468468468468,True,54.41795515199192
975,3.386554034145816,2393,0.145045045045045,True,54.46620888495818
976,3.5981344934594026,1812,0.14324324324324322,True,54.4985897699371
977,4.217174349237958,1688,0.14144144144144144,True,54.54195630387403
978,3.466756170568332,2840,0.13963963963963955,True,54.58538863295689
979,4.0757005696094994,2506,0.13783783783783776,True,54.62878777901642
980,3.580315265176971,1953,0.13603603603603598,True,54.672202763846144
981,3.3324021548780878,2191,0.1342342342342342,True,54.71550738601945
982,3.764244909212146,2437,0.13243243243243252,True,54.75898226792924
983,3.589103241179611,2151,0.13063063063063052,True,54.80253776698373
984,3.8524111946528694,1895,0.12882882882882873,True,54.84587212582119
985,3.9224548067446445,3361,0.12702702702702695,True,54.889465312007815
986,3.4307585007105117,2496,0.12522522522522528,True,54.93589910492301
987,4.358067625194187,2429,0.1234234234234235,True,54.97884024493396
988,3.5053136441035964,2996,0.12162162162162149,True,55.02231179503724
989,4.006939749030214,2594,0.1198198198198197,True,55.06572680990212
990,3.7067979830825823,2829,0.11801801801801803,True,55.10920748789795
991,3.9258170769903553,2644,0.11621621621621625,True,55.15275949588977
992,3.9312745962569964,2680,0.11441441441441447,True,55.201278348919004
993,3.665553180977837,2882,0.11261261261261246,True,55.257653273874894
994,4.259170884772616,3073,0.11081081081081079,True,55.30749013996683
995,3.7407412811208927,2602,0.109009009009009,True,55.35955182882026
996,3.9578878682306784,2756,0.10720720720720722,True,55.413128576939926
997,3.3968799732349537,2754,0.10540540540540544,True,55.46301676495932
998,3.7362876100684836,2439,0.10360360360360354,True,55.49093330092728
999,3.7042675758943866,2189,0.10180180180180176,True,55.534384762868285
1000,3.216056194388228,2073,0.09999999999999998,True,55.577974289888516
