prompt_id,temperature,samples,distinct_responses,mean_generated_tokens,mean_seconds
arithmetic,0.1,3,3,96,0.305
arithmetic,0.7,3,3,73.33,0.213
arithmetic,1.5,3,3,69,0.201
factual,0.1,3,1,96,0.288
factual,0.7,3,3,78.67,0.228
factual,1.5,3,3,86,0.25
explanation,0.1,3,3,96,0.279
explanation,0.7,3,3,82.33,0.239
explanation,1.5,3,3,96,0.279
instruction,0.1,3,2,96,0.378
instruction,0.7,3,3,96,0.278
instruction,1.5,3,3,96,0.278
creative,0.1,3,3,96,0.285
creative,0.7,3,3,96,0.279
creative,1.5,3,3,96,0.279
