position,input_piece,target_piece,token_id,loss_mask,masked_target_id
1,<|bos|>,<|user_start|>,32760,0,-1
2,<|user_start|>,What,1090,0,-1
3,What, is,306,0,-1
4, is, ,32,0,-1
5, ,2,50,0,-1
6,2, +,3249,0,-1
7, +, ,32,0,-1
8, ,2,50,0,-1
9,2,?,63,0,-1
10,?,<|user_end|>,32761,0,-1
11,<|user_end|>,<|assistant_start|>,32762,0,-1
12,<|assistant_start|>,<|python_start|>,32764,1,32764
13,<|python_start|>,2,50,1,50
14,2,+,43,1,43
15,+,2,50,1,50
16,2,<|python_end|>,32765,1,32765
17,<|python_end|>,<|output_start|>,32766,0,-1
18,<|output_start|>,4,52,0,-1
19,4,<|output_end|>,32767,0,-1
20,<|output_end|>,The,483,1,483
21,The, answer,2356,1,2356
22, answer, is,306,1,306
23, is, ,32,1,32
24, ,4,52,1,52
25,4,.,46,1,46
26,.,<|assistant_end|>,32763,1,32763
